"Implementation","Graph","Regex","Time (in microseconds)","Control sum"
"LabeledGraph","LUBM500","q3_8",2294215,596686
"LabeledGraph","LUBM500","q4_3_4",2083494,921461
"LabeledGraph","LUBM500","q9_3_6",3114389,1432543
"LabeledGraph","LUBM500","q_15_6",3474057,1479861
"LabeledGraph","LUBM500","q11_3_9",1348252,0
"LabeledGraph","LUBM500","q9_2_3",473726,25986
"LabeledGraph","LUBM500","q_13_4",1841800,12993
"LabeledGraph","LUBM500","q11_2_2",892190,0
"LabeledGraph","LUBM500","q9_4_4",1912620,659651
"LabeledGraph","LUBM500","q10_2_4",568766,22982
"LabeledGraph","LUBM500","q9_2_4",997490,260682
"LabeledGraph","LUBM500","q4_4_0",3280277,1616525
"LabeledGraph","LUBM500","q3_2",2005689,202312
"LabeledGraph","LUBM500","q4_5_3",2621045,1047780
"LabeledGraph","LUBM500","q11_5_4",1036860,0
"LabeledGraph","LUBM500","q4_4_3",630322,95180
"LabeledGraph","LUBM500","q9_5_7",3322250,1518504
"LabeledGraph","LUBM500","q9_3_2",2039529,545385
"LabeledGraph","LUBM500","q1_1",584597,74299
"LabeledGraph","LUBM500","q_12_4",1919193,0
"LabeledGraph","LUBM500","q10_3_1",1286334,400369
"LabeledGraph","LUBM500","q4_2_5",592729,69205
"LabeledGraph","LUBM500","q11_3_1",1228386,0
"LabeledGraph","LUBM500","q7_7",804942,0
"LabeledGraph","LUBM500","q9_4_9",2218868,1032130
"LabeledGraph","LUBM500","q10_3_2",1710787,540870
"LabeledGraph","LUBM500","q6_0",1687746,400229
"LabeledGraph","LUBM500","q6_6",888673,159433
"LabeledGraph","LUBM500","q10_2_1",2261429,731700
"LabeledGraph","LUBM500","q11_3_8",596254,0
"LabeledGraph","LUBM500","q11_2_8",914833,74299
"LabeledGraph","LUBM500","q10_4_2",1018564,226015
"LabeledGraph","LUBM500","q5_7",902601,0
"LabeledGraph","LUBM500","q10_3_4",739305,45148
"LabeledGraph","LUBM500","q9_3_5",914065,214237
"LabeledGraph","LUBM500","q_12_9",1587204,0
"LabeledGraph","LUBM500","q9_4_0",1493871,466385
"LabeledGraph","LUBM500","q10_5_8",1820381,503154
"LabeledGraph","LUBM500","q_16_3",1797632,0
"LabeledGraph","LUBM500","q10_5_0",1879940,670881
"LabeledGraph","LUBM500","q10_4_3",1146686,341602
"LabeledGraph","LUBM500","q_13_7",1227622,12993
"LabeledGraph","LUBM500","q4_4_5",2854160,1397766
"LabeledGraph","LUBM500","q10_2_9",2197906,904741
"LabeledGraph","LUBM500","q9_3_7",1877784,829809
"LabeledGraph","LUBM500","q5_3",900779,0
"LabeledGraph","LUBM500","q7_2",674534,0
"LabeledGraph","LUBM500","q7_9",726141,0
"LabeledGraph","LUBM500","q2_5",1185003,387015
"LabeledGraph","LUBM500","q9_3_1",547611,64975
"LabeledGraph","LUBM500","q11_5_9",1132848,0
"LabeledGraph","LUBM500","q10_4_6",2072640,850009
"LabeledGraph","LUBM500","q1_4",445872,11203
"LabeledGraph","LUBM500","q2_8",837864,202312
"LabeledGraph","LUBM500","q11_3_7",1090977,0
"LabeledGraph","LUBM500","q11_4_0",1374729,0
"LabeledGraph","LUBM500","q4_2_2",971419,265621
"LabeledGraph","LUBM500","q10_5_7",2067244,807085
"LabeledGraph","LUBM500","q7_5",528026,0
"LabeledGraph","LUBM500","q11_3_2",1553648,0
"LabeledGraph","LUBM500","q_13_3",1917639,202312
"LabeledGraph","LUBM500","q9_5_8",1774131,672664
"LabeledGraph","LUBM500","q4_5_6",2123999,897037
"LabeledGraph","LUBM500","q11_4_2",644338,0
"LabeledGraph","LUBM500","q4_3_0",2004258,737708
"LabeledGraph","LUBM500","q2_6",980534,116740
"LabeledGraph","LUBM500","q9_2_0",1461115,417255
"LabeledGraph","LUBM500","q11_3_4",497336,0
"LabeledGraph","LUBM500","q11_4_8",1043086,0
"LabeledGraph","LUBM500","q10_3_3",1587688,539020
"LabeledGraph","LUBM500","q10_2_6",2262167,938990
"LabeledGraph","LUBM500","q11_4_6",1449263,0
"LabeledGraph","LUBM500","q9_2_8",521571,48994
"LabeledGraph","LUBM500","q10_4_1",1740640,648418
"LabeledGraph","LUBM500","q9_3_4",2373924,1058705
"LabeledGraph","LUBM500","q3_6",667848,12993
"LabeledGraph","LUBM500","q_15_2",1144411,232943
"LabeledGraph","LUBM500","q10_3_9",1069051,292581
"LabeledGraph","LUBM500","q6_9",1356951,200154
"LabeledGraph","LUBM500","q4_4_4",1472365,490856
"LabeledGraph","LUBM500","q_15_3",1280700,281874
"LabeledGraph","LUBM500","q6_2",2152120,720200
"LabeledGraph","LUBM500","q4_2_6",958711,265621
"LabeledGraph","LUBM500","q10_4_4",572088,58141
"LabeledGraph","LUBM500","q11_5_1",1535080,0
"LabeledGraph","LUBM500","q4_2_1",811647,212301
"LabeledGraph","LUBM500","q10_3_5",1169136,254284
"LabeledGraph","LUBM500","q4_5_7",2189515,926753
"LabeledGraph","LUBM500","q8_4",427643,0
"LabeledGraph","LUBM500","q10_3_7",1058351,274453
"LabeledGraph","LUBM500","q11_4_4",1061688,0
"LabeledGraph","LUBM500","q_14_6",2583505,442573
"LabeledGraph","LUBM500","q_15_8",2612589,1025892
"LabeledGraph","LUBM500","q3_9",1044396,202312
"LabeledGraph","LUBM500","q1_2",1130564,387015
"LabeledGraph","LUBM500","q9_5_9",2264304,966032
"LabeledGraph","LUBM500","q7_4",514025,0
"LabeledGraph","LUBM500","q9_3_0",1901392,806381
"LabeledGraph","LUBM500","q_16_7",1265533,0
"LabeledGraph","LUBM500","q9_4_3",816402,212662
"LabeledGraph","LUBM500","q4_5_8",2399198,1105464
"LabeledGraph","LUBM500","q8_6",443136,0
"LabeledGraph","LUBM500","q9_3_8",500782,37173
"LabeledGraph","LUBM500","q9_5_4",1307832,466271
"LabeledGraph","LUBM500","q9_2_1",443681,12993
"LabeledGraph","LUBM500","q9_2_9",1265681,400238
"LabeledGraph","LUBM500","q11_5_6",1062472,0
"LabeledGraph","LUBM500","q3_1",1566582,12993
"LabeledGraph","LUBM500","q10_5_1",611094,80762
"LabeledGraph","LUBM500","q11_2_3",942794,361
"LabeledGraph","LUBM500","q4_2_4",622879,85502
"LabeledGraph","LUBM500","q9_5_0",2432792,1061569
"LabeledGraph","LUBM500","q10_2_0",632979,12993
"LabeledGraph","LUBM500","q_12_0",787588,0
"LabeledGraph","LUBM500","q_16_1",1206894,0
"LabeledGraph","LUBM500","q_13_1",2191471,10835
"LabeledGraph","LUBM500","q_16_9",1178731,0
"LabeledGraph","LUBM500","q3_5",1079011,202312
"LabeledGraph","LUBM500","q6_1",2019501,533606
"LabeledGraph","LUBM500","q10_5_3",1786313,749410
"LabeledGraph","LUBM500","q6_3",1735910,576334
"LabeledGraph","LUBM500","q6_4",929130,202312
"LabeledGraph","LUBM500","q_14_9",2807404,522764
"LabeledGraph","LUBM500","q9_4_8",1540335,546231
"LabeledGraph","LUBM500","q4_2_0",1164376,397850
"LabeledGraph","LUBM500","q10_3_8",862728,202312
"LabeledGraph","LUBM500","q10_4_8",2133596,783962
"LabeledGraph","LUBM500","q11_3_6",627058,0
"LabeledGraph","LUBM500","q10_2_8",585321,6143
"LabeledGraph","LUBM500","q_16_4",1381249,0
"LabeledGraph","LUBM500","q5_9",1011310,0
"LabeledGraph","LUBM500","q_13_2",3063185,387015
"LabeledGraph","LUBM500","q5_8",1013309,0
"LabeledGraph","LUBM500","q_14_3",3644331,543595
"LabeledGraph","LUBM500","q11_4_9",1073939,0
"LabeledGraph","LUBM500","q_16_5",705203,0
"LabeledGraph","LUBM500","q9_4_2",971550,236129
"LabeledGraph","LUBM500","q10_5_9",2450774,1000977
"LabeledGraph","LUBM500","q_13_5",2304688,387015
"LabeledGraph","LUBM500","q4_2_3",2455588,1004628
"LabeledGraph","LUBM500","q10_2_3",2039977,815372
"LabeledGraph","LUBM500","q10_2_5",2481722,926665
"LabeledGraph","LUBM500","q9_4_5",889564,241678
"LabeledGraph","LUBM500","q10_4_5",1675416,571328
"LabeledGraph","LUBM500","q11_3_0",1441865,0
"LabeledGraph","LUBM500","q11_4_1",964578,0
"LabeledGraph","LUBM500","q_12_6",1057052,0
"LabeledGraph","LUBM500","q_12_1",1396111,0
"LabeledGraph","LUBM500","q2_1",1864437,522403
"LabeledGraph","LUBM500","q11_5_3",1376167,0
"LabeledGraph","LUBM500","q_15_5",1574782,411795
"LabeledGraph","LUBM500","q_15_4",4766283,1874615
"LabeledGraph","LUBM500","q11_2_1",1155465,0
"LabeledGraph","LUBM500","q_14_4",1893905,13354
"LabeledGraph","LUBM500","q10_5_5",1371111,425448
"LabeledGraph","LUBM500","q6_5",2061378,532392
"LabeledGraph","LUBM500","q9_3_9",855681,226140
"LabeledGraph","LUBM500","q8_5",441599,0
"LabeledGraph","LUBM500","q7_6",1430456,12993
"LabeledGraph","LUBM500","q4_4_1",2087100,863059
"LabeledGraph","LUBM500","q9_2_6",539133,50208
"LabeledGraph","LUBM500","q7_0",474004,0
"LabeledGraph","LUBM500","q11_2_0",1078132,0
"LabeledGraph","LUBM500","q11_5_0",1764482,0
"LabeledGraph","LUBM500","q4_4_9",596670,81702
"LabeledGraph","LUBM500","q10_2_2",836005,161591
"LabeledGraph","LUBM500","q4_3_9",494162,34185
"LabeledGraph","LUBM500","q10_4_0",1612940,477992
"LabeledGraph","LUBM500","q11_4_5",1304119,0
"LabeledGraph","LUBM500","q4_2_9",1812913,803602
"LabeledGraph","LUBM500","q1_9",444324,10835
"LabeledGraph","LUBM500","q9_4_6",2488615,1136214
"LabeledGraph","LUBM500","q_15_7",1374361,322145
"LabeledGraph","LUBM500","q7_8",525343,0
"LabeledGraph","LUBM500","q11_3_5",574898,0
"LabeledGraph","LUBM500","q4_5_0",2203785,960357
"LabeledGraph","LUBM500","q11_2_6",799467,0
"LabeledGraph","LUBM500","q_15_9",2328373,742366
"LabeledGraph","LUBM500","q8_8",627019,0
"LabeledGraph","LUBM500","q4_5_2",5731232,2870881
"LabeledGraph","LUBM500","q4_2_8",871317,213515
"LabeledGraph","LUBM500","q9_5_1",3003868,1361434
"LabeledGraph","LUBM500","q1_3",617407,58370
"LabeledGraph","LUBM500","q_16_2",773659,0
"LabeledGraph","LUBM500","q_13_9",1856242,74299
"LabeledGraph","LUBM500","q_12_3",2013122,189319
"LabeledGraph","LUBM500","q4_3_3",1573711,532753
"LabeledGraph","LUBM500","q5_5",1404524,0
"LabeledGraph","LUBM500","q4_2_7",1677164,596702
"LabeledGraph","LUBM500","q3_0",909901,9989
"LabeledGraph","LUBM500","q9_5_6",2934934,1367032
"LabeledGraph","LUBM500","q11_2_7",902151,0
"LabeledGraph","LUBM500","q5_2",513003,0
"LabeledGraph","LUBM500","q9_5_3",1361981,452648
"LabeledGraph","LUBM500","q4_3_1",569504,61043
"LabeledGraph","LUBM500","q2_3",981800,202312
"LabeledGraph","LUBM500","q_16_6",1758312,0
"LabeledGraph","LUBM500","q_13_6",2239206,39005
"LabeledGraph","LUBM500","q_14_1",4019608,596702
"LabeledGraph","LUBM500","q2_2",467670,12993
"LabeledGraph","LUBM500","q5_6",1114904,0
"LabeledGraph","LUBM500","q10_4_7",1448466,353014
"LabeledGraph","LUBM500","q_14_2",2828292,441798
"LabeledGraph","LUBM500","q4_4_8",2787238,1201393
"LabeledGraph","LUBM500","q_14_0",2262897,215305
"LabeledGraph","LUBM500","q4_5_4",2213241,963028
"LabeledGraph","LUBM500","q_14_5",2737734,589327
"LabeledGraph","LUBM500","q5_1",1046744,0
"LabeledGraph","LUBM500","q11_2_4",1031679,0
"LabeledGraph","LUBM500","q_12_2",1987882,0
"LabeledGraph","LUBM500","q4_4_7",1116108,367241
"LabeledGraph","LUBM500","q4_3_6",1397342,546299
"LabeledGraph","LUBM500","q11_3_3",963548,0
"LabeledGraph","LUBM500","q9_3_3",1756461,739769
"LabeledGraph","LUBM500","q8_1",644717,0
"LabeledGraph","LUBM500","q9_5_5",2759937,1267678
"LabeledGraph","LUBM500","q10_5_6",1025957,305458
"LabeledGraph","LUBM500","q10_3_6",2100577,831684
"LabeledGraph","LUBM500","q4_3_5",1535023,611733
"LabeledGraph","LUBM500","q4_5_9",4615247,2328562
"LabeledGraph","LUBM500","q8_9",621814,0
"LabeledGraph","LUBM500","q1_8",1128079,416587
"LabeledGraph","LUBM500","q11_5_5",1361253,0
"LabeledGraph","LUBM500","q1_6",1471186,522403
"LabeledGraph","LUBM500","q4_5_1",3568930,1704457
"LabeledGraph","LUBM500","q4_5_5",1566663,626398
"LabeledGraph","LUBM500","q_14_7",1778442,228324
"LabeledGraph","LUBM500","q10_2_7",1258844,411778
"LabeledGraph","LUBM500","q4_3_7",496512,36805
"LabeledGraph","LUBM500","q2_4",1287955,202312
"LabeledGraph","LUBM500","q7_3",582295,0
"LabeledGraph","LUBM500","q_14_8",2909417,413001
"LabeledGraph","LUBM500","q_16_8",1397828,0
"LabeledGraph","LUBM500","q3_4",1052888,13223
"LabeledGraph","LUBM500","q_15_1",2080359,630770
"LabeledGraph","LUBM500","q_13_8",2112020,387015
"LabeledGraph","LUBM500","q11_4_3",567885,0
"LabeledGraph","LUBM500","q5_4",1269467,0
"LabeledGraph","LUBM500","q2_0",913527,148598
"LabeledGraph","LUBM500","q11_2_5",469572,0
"LabeledGraph","LUBM500","q4_4_6",1579802,573333
"LabeledGraph","LUBM500","q6_7",1419466,474957
"LabeledGraph","LUBM500","q8_0",434695,0
"LabeledGraph","LUBM500","q10_4_9",2030560,821211
"LabeledGraph","LUBM500","q11_4_7",905965,0
"LabeledGraph","LUBM500","q_13_0",1342634,9989
"LabeledGraph","LUBM500","q10_3_0",1360824,456220
"LabeledGraph","LUBM500","q8_2",602322,0
"LabeledGraph","LUBM500","q9_2_5",1196781,409620
"LabeledGraph","LUBM500","q_12_7",1213814,9989
"LabeledGraph","LUBM500","q11_2_9",574011,0
"LabeledGraph","LUBM500","q_12_5",1258619,0
"LabeledGraph","LUBM500","q1_0",451695,12993
"LabeledGraph","LUBM500","q11_5_2",996408,0
"LabeledGraph","LUBM500","q1_7",446551,9989
"LabeledGraph","LUBM500","q7_1",967545,0
"LabeledGraph","LUBM500","q9_4_1",1843662,791639
"LabeledGraph","LUBM500","q_15_0",1077285,226140
"LabeledGraph","LUBM500","q4_3_2",896912,214237
"LabeledGraph","LUBM500","q8_7",475014,0
"LabeledGraph","LUBM500","q9_2_7",1521949,589327
"LabeledGraph","LUBM500","q10_5_2",2416105,963028
"LabeledGraph","LUBM500","q9_2_2",785638,200154
"LabeledGraph","LUBM500","q_12_8",1520535,12993
"LabeledGraph","LUBM500","q9_5_2",2612172,1238647
"LabeledGraph","LUBM500","q2_9",1577720,522403
"LabeledGraph","LUBM500","q6_8",1148463,213147
"LabeledGraph","LUBM500","q_16_0",1069454,0
"LabeledGraph","LUBM500","q4_3_8",1237893,448160
"LabeledGraph","LUBM500","q2_7",1563263,522403
"LabeledGraph","LUBM500","q5_0",916765,0
"LabeledGraph","LUBM500","q11_5_8",1536162,0
"LabeledGraph","LUBM500","q10_5_4",2029963,793435
"LabeledGraph","LUBM500","q8_3",433577,0
"LabeledGraph","LUBM500","q11_5_7",1215017,0
"LabeledGraph","LUBM500","q3_7",631102,12993
"LabeledGraph","LUBM500","q1_5",792260,202312
"LabeledGraph","LUBM500","q3_3",1308667,202312
"LabeledGraph","LUBM500","q4_4_2",1770112,709876
"LabeledGraph","LUBM500","q9_4_7",1444291,537717
"LabeledGraphWithLinearTransitiveClosure","LUBM500","q3_8",2231756,596686
"LabeledGraphWithLinearTransitiveClosure","LUBM500","q4_3_4",2059809,921461
"LabeledGraphWithLinearTransitiveClosure","LUBM500","q9_3_6",3021891,1432543
"LabeledGraphWithLinearTransitiveClosure","LUBM500","q_15_6",3470569,1479861
"LabeledGraphWithLinearTransitiveClosure","LUBM500","q11_3_9",1315400,0
"LabeledGraphWithLinearTransitiveClosure","LUBM500","q9_2_3",471696,25986
"LabeledGraphWithLinearTransitiveClosure","LUBM500","q_13_4",1504778,12993
"LabeledGraphWithLinearTransitiveClosure","LUBM500","q11_2_2",906142,0
"LabeledGraphWithLinearTransitiveClosure","LUBM500","q9_4_4",1617964,659651
"LabeledGraphWithLinearTransitiveClosure","LUBM500","q10_2_4",532983,22982
"LabeledGraphWithLinearTransitiveClosure","LUBM500","q9_2_4",976224,260682
"LabeledGraphWithLinearTransitiveClosure","LUBM500","q4_4_0",3227799,1616525
"LabeledGraphWithLinearTransitiveClosure","LUBM500","q3_2",1462655,202312
"LabeledGraphWithLinearTransitiveClosure","LUBM500","q4_5_3",2440090,1047780
"LabeledGraphWithLinearTransitiveClosure","LUBM500","q11_5_4",889565,0
"LabeledGraphWithLinearTransitiveClosure","LUBM500","q4_4_3",694802,95180
"LabeledGraphWithLinearTransitiveClosure","LUBM500","q9_5_7",3170580,1518504
"LabeledGraphWithLinearTransitiveClosure","LUBM500","q9_3_2",1496003,545385
"LabeledGraphWithLinearTransitiveClosure","LUBM500","q1_1",627714,74299
"LabeledGraphWithLinearTransitiveClosure","LUBM500","q_12_4",1895547,0
"LabeledGraphWithLinearTransitiveClosure","LUBM500","q10_3_1",1268254,400369
"LabeledGraphWithLinearTransitiveClosure","LUBM500","q4_2_5",584132,69205
"LabeledGraphWithLinearTransitiveClosure","LUBM500","q11_3_1",1073497,0
"LabeledGraphWithLinearTransitiveClosure","LUBM500","q7_7",716652,0
"LabeledGraphWithLinearTransitiveClosure","LUBM500","q9_4_9",2332307,1032130
"LabeledGraphWithLinearTransitiveClosure","LUBM500","q10_3_2",1795890,540870
"LabeledGraphWithLinearTransitiveClosure","LUBM500","q6_0",1669530,400229
"LabeledGraphWithLinearTransitiveClosure","LUBM500","q6_6",991142,159433
"LabeledGraphWithLinearTransitiveClosure","LUBM500","q10_2_1",2319260,731700
"LabeledGraphWithLinearTransitiveClosure","LUBM500","q11_3_8",572678,0
"LabeledGraphWithLinearTransitiveClosure","LUBM500","q11_2_8",1049042,74299
"LabeledGraphWithLinearTransitiveClosure","LUBM500","q10_4_2",1037661,226015
"LabeledGraphWithLinearTransitiveClosure","LUBM500","q5_7",1233774,0
"LabeledGraphWithLinearTransitiveClosure","LUBM500","q10_3_4",758992,45148
"LabeledGraphWithLinearTransitiveClosure","LUBM500","q9_3_5",891868,214237
"LabeledGraphWithLinearTransitiveClosure","LUBM500","q_12_9",1555658,0
"LabeledGraphWithLinearTransitiveClosure","LUBM500","q9_4_0",1237775,466385
"LabeledGraphWithLinearTransitiveClosure","LUBM500","q10_5_8",1792591,503154
"LabeledGraphWithLinearTransitiveClosure","LUBM500","q_16_3",1701470,0
"LabeledGraphWithLinearTransitiveClosure","LUBM500","q10_5_0",1787426,670881
"LabeledGraphWithLinearTransitiveClosure","LUBM500","q10_4_3",1149723,341602
"LabeledGraphWithLinearTransitiveClosure","LUBM500","q_13_7",1235713,12993
"LabeledGraphWithLinearTransitiveClosure","LUBM500","q4_4_5",2857061,1397766
"LabeledGraphWithLinearTransitiveClosure","LUBM500","q10_2_9",2197347,904741
"LabeledGraphWithLinearTransitiveClosure","LUBM500","q9_3_7",1882501,829809
"LabeledGraphWithLinearTransitiveClosure","LUBM500","q5_3",912346,0
"LabeledGraphWithLinearTransitiveClosure","LUBM500","q7_2",678425,0
"LabeledGraphWithLinearTransitiveClosure","LUBM500","q7_9",737573,0
"LabeledGraphWithLinearTransitiveClosure","LUBM500","q2_5",1226104,387015
"LabeledGraphWithLinearTransitiveClosure","LUBM500","q9_3_1",557173,64975
"LabeledGraphWithLinearTransitiveClosure","LUBM500","q11_5_9",1223555,0
"LabeledGraphWithLinearTransitiveClosure","LUBM500","q10_4_6",2099018,850009
"LabeledGraphWithLinearTransitiveClosure","LUBM500","q1_4",454299,11203
"LabeledGraphWithLinearTransitiveClosure","LUBM500","q2_8",857309,202312
"LabeledGraphWithLinearTransitiveClosure","LUBM500","q11_3_7",1094289,0
"LabeledGraphWithLinearTransitiveClosure","LUBM500","q11_4_0",1437247,0
"LabeledGraphWithLinearTransitiveClosure","LUBM500","q4_2_2",954114,265621
"LabeledGraphWithLinearTransitiveClosure","LUBM500","q10_5_7",2073582,807085
"LabeledGraphWithLinearTransitiveClosure","LUBM500","q7_5",537154,0
"LabeledGraphWithLinearTransitiveClosure","LUBM500","q11_3_2",1582387,0
"LabeledGraphWithLinearTransitiveClosure","LUBM500","q_13_3",1908626,202312
"LabeledGraphWithLinearTransitiveClosure","LUBM500","q9_5_8",1737975,672664
"LabeledGraphWithLinearTransitiveClosure","LUBM500","q4_5_6",2004308,897037
"LabeledGraphWithLinearTransitiveClosure","LUBM500","q11_4_2",635460,0
"LabeledGraphWithLinearTransitiveClosure","LUBM500","q4_3_0",1825777,737708
"LabeledGraphWithLinearTransitiveClosure","LUBM500","q2_6",935144,116740
"LabeledGraphWithLinearTransitiveClosure","LUBM500","q9_2_0",1220956,417255
"LabeledGraphWithLinearTransitiveClosure","LUBM500","q11_3_4",498816,0
"LabeledGraphWithLinearTransitiveClosure","LUBM500","q11_4_8",1034626,0
"LabeledGraphWithLinearTransitiveClosure","LUBM500","q10_3_3",1576771,539020
"LabeledGraphWithLinearTransitiveClosure","LUBM500","q10_2_6",2249343,938990
"LabeledGraphWithLinearTransitiveClosure","LUBM500","q11_4_6",1435458,0
"LabeledGraphWithLinearTransitiveClosure","LUBM500","q9_2_8",532501,48994
"LabeledGraphWithLinearTransitiveClosure","LUBM500","q10_4_1",1749526,648418
"LabeledGraphWithLinearTransitiveClosure","LUBM500","q9_3_4",2382548,1058705
"LabeledGraphWithLinearTransitiveClosure","LUBM500","q3_6",661025,12993
"LabeledGraphWithLinearTransitiveClosure","LUBM500","q_15_2",1137715,232943
"LabeledGraphWithLinearTransitiveClosure","LUBM500","q10_3_9",1045739,292581
"LabeledGraphWithLinearTransitiveClosure","LUBM500","q6_9",1013549,200154
"LabeledGraphWithLinearTransitiveClosure","LUBM500","q4_4_4",1379829,490856
"LabeledGraphWithLinearTransitiveClosure","LUBM500","q_15_3",1250564,281874
"LabeledGraphWithLinearTransitiveClosure","LUBM500","q6_2",2137572,720200
"LabeledGraphWithLinearTransitiveClosure","LUBM500","q4_2_6",946078,265621
"LabeledGraphWithLinearTransitiveClosure","LUBM500","q10_4_4",548806,58141
"LabeledGraphWithLinearTransitiveClosure","LUBM500","q11_5_1",1487147,0
"LabeledGraphWithLinearTransitiveClosure","LUBM500","q4_2_1",809135,212301
"LabeledGraphWithLinearTransitiveClosure","LUBM500","q10_3_5",1172093,254284
"LabeledGraphWithLinearTransitiveClosure","LUBM500","q4_5_7",2221030,926753
"LabeledGraphWithLinearTransitiveClosure","LUBM500","q8_4",433314,0
"LabeledGraphWithLinearTransitiveClosure","LUBM500","q10_3_7",973756,274453
"LabeledGraphWithLinearTransitiveClosure","LUBM500","q11_4_4",989428,0
"LabeledGraphWithLinearTransitiveClosure","LUBM500","q_14_6",2599780,442573
"LabeledGraphWithLinearTransitiveClosure","LUBM500","q_15_8",2613848,1025892
"LabeledGraphWithLinearTransitiveClosure","LUBM500","q3_9",1043331,202312
"LabeledGraphWithLinearTransitiveClosure","LUBM500","q1_2",1140293,387015
"LabeledGraphWithLinearTransitiveClosure","LUBM500","q9_5_9",2309630,966032
"LabeledGraphWithLinearTransitiveClosure","LUBM500","q7_4",509671,0
"LabeledGraphWithLinearTransitiveClosure","LUBM500","q9_3_0",1908138,806381
"LabeledGraphWithLinearTransitiveClosure","LUBM500","q_16_7",1280451,0
"LabeledGraphWithLinearTransitiveClosure","LUBM500","q9_4_3",814290,212662
"LabeledGraphWithLinearTransitiveClosure","LUBM500","q4_5_8",2399994,1105464
"LabeledGraphWithLinearTransitiveClosure","LUBM500","q8_6",435425,0
"LabeledGraphWithLinearTransitiveClosure","LUBM500","q9_3_8",503152,37173
"LabeledGraphWithLinearTransitiveClosure","LUBM500","q9_5_4",1297622,466271
"LabeledGraphWithLinearTransitiveClosure","LUBM500","q9_2_1",459181,12993
"LabeledGraphWithLinearTransitiveClosure","LUBM500","q9_2_9",1171335,400238
"LabeledGraphWithLinearTransitiveClosure","LUBM500","q11_5_6",1104443,0
"LabeledGraphWithLinearTransitiveClosure","LUBM500","q3_1",1377365,12993
"LabeledGraphWithLinearTransitiveClosure","LUBM500","q10_5_1",595754,80762
"LabeledGraphWithLinearTransitiveClosure","LUBM500","q11_2_3",838581,361
"LabeledGraphWithLinearTransitiveClosure","LUBM500","q4_2_4",627156,85502
"LabeledGraphWithLinearTransitiveClosure","LUBM500","q9_5_0",2370313,1061569
"LabeledGraphWithLinearTransitiveClosure","LUBM500","q10_2_0",649453,12993
"LabeledGraphWithLinearTransitiveClosure","LUBM500","q_12_0",752805,0
"LabeledGraphWithLinearTransitiveClosure","LUBM500","q_16_1",1183615,0
"LabeledGraphWithLinearTransitiveClosure","LUBM500","q_13_1",2066492,10835
"LabeledGraphWithLinearTransitiveClosure","LUBM500","q_16_9",1444637,0
"LabeledGraphWithLinearTransitiveClosure","LUBM500","q3_5",1123999,202312
"LabeledGraphWithLinearTransitiveClosure","LUBM500","q6_1",2006144,533606
"LabeledGraphWithLinearTransitiveClosure","LUBM500","q10_5_3",2051593,749410
"LabeledGraphWithLinearTransitiveClosure","LUBM500","q6_3",1745974,576334
"LabeledGraphWithLinearTransitiveClosure","LUBM500","q6_4",930521,202312
"LabeledGraphWithLinearTransitiveClosure","LUBM500","q_14_9",3025105,522764
"LabeledGraphWithLinearTransitiveClosure","LUBM500","q9_4_8",1536951,546231
"LabeledGraphWithLinearTransitiveClosure","LUBM500","q4_2_0",1214012,397850
"LabeledGraphWithLinearTransitiveClosure","LUBM500","q10_3_8",857835,202312
"LabeledGraphWithLinearTransitiveClosure","LUBM500","q10_4_8",2127076,783962
"LabeledGraphWithLinearTransitiveClosure","LUBM500","q11_3_6",625581,0
"LabeledGraphWithLinearTransitiveClosure","LUBM500","q10_2_8",580919,6143
"LabeledGraphWithLinearTransitiveClosure","LUBM500","q_16_4",1277547,0
"LabeledGraphWithLinearTransitiveClosure","LUBM500","q5_9",888462,0
"LabeledGraphWithLinearTransitiveClosure","LUBM500","q_13_2",3121273,387015
"LabeledGraphWithLinearTransitiveClosure","LUBM500","q5_8",1349951,0
"LabeledGraphWithLinearTransitiveClosure","LUBM500","q_14_3",3834167,543595
"LabeledGraphWithLinearTransitiveClosure","LUBM500","q11_4_9",1035747,0
"LabeledGraphWithLinearTransitiveClosure","LUBM500","q_16_5",704318,0
"LabeledGraphWithLinearTransitiveClosure","LUBM500","q9_4_2",912219,236129
"LabeledGraphWithLinearTransitiveClosure","LUBM500","q10_5_9",2420779,1000977
"LabeledGraphWithLinearTransitiveClosure","LUBM500","q_13_5",2269394,387015
"LabeledGraphWithLinearTransitiveClosure","LUBM500","q4_2_3",2395684,1004628
"LabeledGraphWithLinearTransitiveClosure","LUBM500","q10_2_3",1931070,815372
"LabeledGraphWithLinearTransitiveClosure","LUBM500","q10_2_5",2336553,926665
"LabeledGraphWithLinearTransitiveClosure","LUBM500","q9_4_5",886405,241678
"LabeledGraphWithLinearTransitiveClosure","LUBM500","q10_4_5",1633829,571328
"LabeledGraphWithLinearTransitiveClosure","LUBM500","q11_3_0",1354335,0
"LabeledGraphWithLinearTransitiveClosure","LUBM500","q11_4_1",982557,0
"LabeledGraphWithLinearTransitiveClosure","LUBM500","q_12_6",990065,0
"LabeledGraphWithLinearTransitiveClosure","LUBM500","q_12_1",1372430,0
"LabeledGraphWithLinearTransitiveClosure","LUBM500","q2_1",1802888,522403
"LabeledGraphWithLinearTransitiveClosure","LUBM500","q11_5_3",1372991,0
"LabeledGraphWithLinearTransitiveClosure","LUBM500","q_15_5",1606855,411795
"LabeledGraphWithLinearTransitiveClosure","LUBM500","q_15_4",4761996,1874615
"LabeledGraphWithLinearTransitiveClosure","LUBM500","q11_2_1",1095045,0
"LabeledGraphWithLinearTransitiveClosure","LUBM500","q_14_4",1873381,13354
"LabeledGraphWithLinearTransitiveClosure","LUBM500","q10_5_5",1365342,425448
"LabeledGraphWithLinearTransitiveClosure","LUBM500","q6_5",1976090,532392
"LabeledGraphWithLinearTransitiveClosure","LUBM500","q9_3_9",837485,226140
"LabeledGraphWithLinearTransitiveClosure","LUBM500","q8_5",428353,0
"LabeledGraphWithLinearTransitiveClosure","LUBM500","q7_6",1300064,12993
"LabeledGraphWithLinearTransitiveClosure","LUBM500","q4_4_1",2101066,863059
"LabeledGraphWithLinearTransitiveClosure","LUBM500","q9_2_6",534148,50208
"LabeledGraphWithLinearTransitiveClosure","LUBM500","q7_0",475174,0
"LabeledGraphWithLinearTransitiveClosure","LUBM500","q11_2_0",1082904,0
"LabeledGraphWithLinearTransitiveClosure","LUBM500","q11_5_0",1752490,0
"LabeledGraphWithLinearTransitiveClosure","LUBM500","q4_4_9",592599,81702
"LabeledGraphWithLinearTransitiveClosure","LUBM500","q10_2_2",841366,161591
"LabeledGraphWithLinearTransitiveClosure","LUBM500","q4_3_9",495383,34185
"LabeledGraphWithLinearTransitiveClosure","LUBM500","q10_4_0",1617869,477992
"LabeledGraphWithLinearTransitiveClosure","LUBM500","q11_4_5",1177835,0
"LabeledGraphWithLinearTransitiveClosure","LUBM500","q4_2_9",1874577,803602
"LabeledGraphWithLinearTransitiveClosure","LUBM500","q1_9",447599,10835
"LabeledGraphWithLinearTransitiveClosure","LUBM500","q9_4_6",2557563,1136214
"LabeledGraphWithLinearTransitiveClosure","LUBM500","q_15_7",1383037,322145
"LabeledGraphWithLinearTransitiveClosure","LUBM500","q7_8",529568,0
"LabeledGraphWithLinearTransitiveClosure","LUBM500","q11_3_5",579522,0
"LabeledGraphWithLinearTransitiveClosure","LUBM500","q4_5_0",2206967,960357
"LabeledGraphWithLinearTransitiveClosure","LUBM500","q11_2_6",796101,0
"LabeledGraphWithLinearTransitiveClosure","LUBM500","q_15_9",2407973,742366
"LabeledGraphWithLinearTransitiveClosure","LUBM500","q8_8",633660,0
"LabeledGraphWithLinearTransitiveClosure","LUBM500","q4_5_2",5854761,2870881
"LabeledGraphWithLinearTransitiveClosure","LUBM500","q4_2_8",833533,213515
"LabeledGraphWithLinearTransitiveClosure","LUBM500","q9_5_1",2953010,1361434
"LabeledGraphWithLinearTransitiveClosure","LUBM500","q1_3",554109,58370
"LabeledGraphWithLinearTransitiveClosure","LUBM500","q_16_2",775969,0
"LabeledGraphWithLinearTransitiveClosure","LUBM500","q_13_9",1751293,74299
"LabeledGraphWithLinearTransitiveClosure","LUBM500","q_12_3",1901173,189319
"LabeledGraphWithLinearTransitiveClosure","LUBM500","q4_3_3",1478076,532753
"LabeledGraphWithLinearTransitiveClosure","LUBM500","q5_5",1401992,0
"LabeledGraphWithLinearTransitiveClosure","LUBM500","q4_2_7",1586489,596702
"LabeledGraphWithLinearTransitiveClosure","LUBM500","q3_0",866465,9989
"LabeledGraphWithLinearTransitiveClosure","LUBM500","q9_5_6",2923727,1367032
"LabeledGraphWithLinearTransitiveClosure","LUBM500","q11_2_7",900799,0
"LabeledGraphWithLinearTransitiveClosure","LUBM500","q5_2",516728,0
"LabeledGraphWithLinearTransitiveClosure","LUBM500","q9_5_3",1295022,452648
"LabeledGraphWithLinearTransitiveClosure","LUBM500","q4_3_1",562900,61043
"LabeledGraphWithLinearTransitiveClosure","LUBM500","q2_3",925703,202312
"LabeledGraphWithLinearTransitiveClosure","LUBM500","q_16_6",1707680,0
"LabeledGraphWithLinearTransitiveClosure","LUBM500","q_13_6",1963282,39005
"LabeledGraphWithLinearTransitiveClosure","LUBM500","q_14_1",3943778,596702
"LabeledGraphWithLinearTransitiveClosure","LUBM500","q2_2",466015,12993
"LabeledGraphWithLinearTransitiveClosure","LUBM500","q5_6",1144408,0
"LabeledGraphWithLinearTransitiveClosure","LUBM500","q10_4_7",1397877,353014
"LabeledGraphWithLinearTransitiveClosure","LUBM500","q_14_2",2814971,441798
"LabeledGraphWithLinearTransitiveClosure","LUBM500","q4_4_8",2755534,1201393
"LabeledGraphWithLinearTransitiveClosure","LUBM500","q_14_0",2254933,215305
"LabeledGraphWithLinearTransitiveClosure","LUBM500","q4_5_4",2227775,963028
"LabeledGraphWithLinearTransitiveClosure","LUBM500","q_14_5",2713767,589327
"LabeledGraphWithLinearTransitiveClosure","LUBM500","q5_1",1051948,0
"LabeledGraphWithLinearTransitiveClosure","LUBM500","q11_2_4",1014848,0
"LabeledGraphWithLinearTransitiveClosure","LUBM500","q_12_2",1962134,0
"LabeledGraphWithLinearTransitiveClosure","LUBM500","q4_4_7",1116462,367241
"LabeledGraphWithLinearTransitiveClosure","LUBM500","q4_3_6",1398842,546299
"LabeledGraphWithLinearTransitiveClosure","LUBM500","q11_3_3",966203,0
"LabeledGraphWithLinearTransitiveClosure","LUBM500","q9_3_3",1748022,739769
"LabeledGraphWithLinearTransitiveClosure","LUBM500","q8_1",641837,0
"LabeledGraphWithLinearTransitiveClosure","LUBM500","q9_5_5",2766182,1267678
"LabeledGraphWithLinearTransitiveClosure","LUBM500","q10_5_6",1026687,305458
"LabeledGraphWithLinearTransitiveClosure","LUBM500","q10_3_6",2082652,831684
"LabeledGraphWithLinearTransitiveClosure","LUBM500","q4_3_5",1544532,611733
"LabeledGraphWithLinearTransitiveClosure","LUBM500","q4_5_9",4634278,2328562
"LabeledGraphWithLinearTransitiveClosure","LUBM500","q8_9",622620,0
"LabeledGraphWithLinearTransitiveClosure","LUBM500","q1_8",1132878,416587
"LabeledGraphWithLinearTransitiveClosure","LUBM500","q11_5_5",1359616,0
"LabeledGraphWithLinearTransitiveClosure","LUBM500","q1_6",1465178,522403
"LabeledGraphWithLinearTransitiveClosure","LUBM500","q4_5_1",3588541,1704457
"LabeledGraphWithLinearTransitiveClosure","LUBM500","q4_5_5",1582658,626398
"LabeledGraphWithLinearTransitiveClosure","LUBM500","q_14_7",1797714,228324
"LabeledGraphWithLinearTransitiveClosure","LUBM500","q10_2_7",1257768,411778
"LabeledGraphWithLinearTransitiveClosure","LUBM500","q4_3_7",494428,36805
"LabeledGraphWithLinearTransitiveClosure","LUBM500","q2_4",1292340,202312
"LabeledGraphWithLinearTransitiveClosure","LUBM500","q7_3",583353,0
"LabeledGraphWithLinearTransitiveClosure","LUBM500","q_14_8",2887766,413001
"LabeledGraphWithLinearTransitiveClosure","LUBM500","q_16_8",1390488,0
"LabeledGraphWithLinearTransitiveClosure","LUBM500","q3_4",1065421,13223
"LabeledGraphWithLinearTransitiveClosure","LUBM500","q_15_1",2086593,630770
"LabeledGraphWithLinearTransitiveClosure","LUBM500","q_13_8",2116948,387015
"LabeledGraphWithLinearTransitiveClosure","LUBM500","q11_4_3",561865,0
"LabeledGraphWithLinearTransitiveClosure","LUBM500","q5_4",1276660,0
"LabeledGraphWithLinearTransitiveClosure","LUBM500","q2_0",908259,148598
"LabeledGraphWithLinearTransitiveClosure","LUBM500","q11_2_5",463195,0
"LabeledGraphWithLinearTransitiveClosure","LUBM500","q4_4_6",1625226,573333
"LabeledGraphWithLinearTransitiveClosure","LUBM500","q6_7",1422933,474957
"LabeledGraphWithLinearTransitiveClosure","LUBM500","q8_0",444704,0
"LabeledGraphWithLinearTransitiveClosure","LUBM500","q10_4_9",2031687,821211
"LabeledGraphWithLinearTransitiveClosure","LUBM500","q11_4_7",906739,0
"LabeledGraphWithLinearTransitiveClosure","LUBM500","q_13_0",1359299,9989
"LabeledGraphWithLinearTransitiveClosure","LUBM500","q10_3_0",1362716,456220
"LabeledGraphWithLinearTransitiveClosure","LUBM500","q8_2",606575,0
"LabeledGraphWithLinearTransitiveClosure","LUBM500","q9_2_5",1192867,409620
"LabeledGraphWithLinearTransitiveClosure","LUBM500","q_12_7",1214006,9989
"LabeledGraphWithLinearTransitiveClosure","LUBM500","q11_2_9",581098,0
"LabeledGraphWithLinearTransitiveClosure","LUBM500","q_12_5",1281427,0
"LabeledGraphWithLinearTransitiveClosure","LUBM500","q1_0",451070,12993
"LabeledGraphWithLinearTransitiveClosure","LUBM500","q11_5_2",1014339,0
"LabeledGraphWithLinearTransitiveClosure","LUBM500","q1_7",447205,9989
"LabeledGraphWithLinearTransitiveClosure","LUBM500","q7_1",971048,0
"LabeledGraphWithLinearTransitiveClosure","LUBM500","q9_4_1",1872596,791639
"LabeledGraphWithLinearTransitiveClosure","LUBM500","q_15_0",1075973,226140
"LabeledGraphWithLinearTransitiveClosure","LUBM500","q4_3_2",892768,214237
"LabeledGraphWithLinearTransitiveClosure","LUBM500","q8_7",489286,0
"LabeledGraphWithLinearTransitiveClosure","LUBM500","q9_2_7",1527839,589327
"LabeledGraphWithLinearTransitiveClosure","LUBM500","q10_5_2",2416016,963028
"LabeledGraphWithLinearTransitiveClosure","LUBM500","q9_2_2",788760,200154
"LabeledGraphWithLinearTransitiveClosure","LUBM500","q_12_8",1532475,12993
"LabeledGraphWithLinearTransitiveClosure","LUBM500","q9_5_2",2660201,1238647
"LabeledGraphWithLinearTransitiveClosure","LUBM500","q2_9",2340791,522403
"LabeledGraphWithLinearTransitiveClosure","LUBM500","q6_8",1497095,213147
"LabeledGraphWithLinearTransitiveClosure","LUBM500","q_16_0",1094553,0
"LabeledGraphWithLinearTransitiveClosure","LUBM500","q4_3_8",1259011,448160
"LabeledGraphWithLinearTransitiveClosure","LUBM500","q2_7",1547175,522403
"LabeledGraphWithLinearTransitiveClosure","LUBM500","q5_0",927825,0
"LabeledGraphWithLinearTransitiveClosure","LUBM500","q11_5_8",1537549,0
"LabeledGraphWithLinearTransitiveClosure","LUBM500","q10_5_4",2037663,793435
"LabeledGraphWithLinearTransitiveClosure","LUBM500","q8_3",433875,0
"LabeledGraphWithLinearTransitiveClosure","LUBM500","q11_5_7",1198729,0
"LabeledGraphWithLinearTransitiveClosure","LUBM500","q3_7",621236,12993
"LabeledGraphWithLinearTransitiveClosure","LUBM500","q1_5",789968,202312
"LabeledGraphWithLinearTransitiveClosure","LUBM500","q3_3",1303629,202312
"LabeledGraphWithLinearTransitiveClosure","LUBM500","q4_4_2",1739855,709876
"LabeledGraphWithLinearTransitiveClosure","LUBM500","q9_4_7",1438522,537717
"LabeledGraphWithSelectTransitiveClosure","LUBM500","q3_8",2228854,596686
"LabeledGraphWithSelectTransitiveClosure","LUBM500","q4_3_4",2067398,921461
"LabeledGraphWithSelectTransitiveClosure","LUBM500","q9_3_6",3029793,1432543
"LabeledGraphWithSelectTransitiveClosure","LUBM500","q_15_6",3498597,1479861
"LabeledGraphWithSelectTransitiveClosure","LUBM500","q11_3_9",1324757,0
"LabeledGraphWithSelectTransitiveClosure","LUBM500","q9_2_3",473865,25986
"LabeledGraphWithSelectTransitiveClosure","LUBM500","q_13_4",1523892,12993
"LabeledGraphWithSelectTransitiveClosure","LUBM500","q11_2_2",908050,0
"LabeledGraphWithSelectTransitiveClosure","LUBM500","q9_4_4",1633399,659651
"LabeledGraphWithSelectTransitiveClosure","LUBM500","q10_2_4",536668,22982
"LabeledGraphWithSelectTransitiveClosure","LUBM500","q9_2_4",974187,260682
"LabeledGraphWithSelectTransitiveClosure","LUBM500","q4_4_0",3250284,1616525
"LabeledGraphWithSelectTransitiveClosure","LUBM500","q3_2",1449616,202312
"LabeledGraphWithSelectTransitiveClosure","LUBM500","q4_5_3",2464655,1047780
"LabeledGraphWithSelectTransitiveClosure","LUBM500","q11_5_4",885045,0
"LabeledGraphWithSelectTransitiveClosure","LUBM500","q4_4_3",661079,95180
"LabeledGraphWithSelectTransitiveClosure","LUBM500","q9_5_7",3204995,1518504
"LabeledGraphWithSelectTransitiveClosure","LUBM500","q9_3_2",1502534,545385
"LabeledGraphWithSelectTransitiveClosure","LUBM500","q1_1",576285,74299
"LabeledGraphWithSelectTransitiveClosure","LUBM500","q_12_4",1912066,0
"LabeledGraphWithSelectTransitiveClosure","LUBM500","q10_3_1",1301391,400369
"LabeledGraphWithSelectTransitiveClosure","LUBM500","q4_2_5",590922,69205
"LabeledGraphWithSelectTransitiveClosure","LUBM500","q11_3_1",1070153,0
"LabeledGraphWithSelectTransitiveClosure","LUBM500","q7_7",638614,0
"LabeledGraphWithSelectTransitiveClosure","LUBM500","q9_4_9",2228584,1032130
"LabeledGraphWithSelectTransitiveClosure","LUBM500","q10_3_2",1715433,540870
"LabeledGraphWithSelectTransitiveClosure","LUBM500","q6_0",1550212,400229
"LabeledGraphWithSelectTransitiveClosure","LUBM500","q6_6",1065513,159433
"LabeledGraphWithSelectTransitiveClosure","LUBM500","q10_2_1",2219355,731700
"LabeledGraphWithSelectTransitiveClosure","LUBM500","q11_3_8",541257,0
"LabeledGraphWithSelectTransitiveClosure","LUBM500","q11_2_8",1035729,74299
"LabeledGraphWithSelectTransitiveClosure","LUBM500","q10_4_2",1226426,226015
"LabeledGraphWithSelectTransitiveClosure","LUBM500","q5_7",1073864,0
"LabeledGraphWithSelectTransitiveClosure","LUBM500","q10_3_4",764354,45148
"LabeledGraphWithSelectTransitiveClosure","LUBM500","q9_3_5",950790,214237
"LabeledGraphWithSelectTransitiveClosure","LUBM500","q_12_9",1792735,0
"LabeledGraphWithSelectTransitiveClosure","LUBM500","q9_4_0",1245625,466385
"LabeledGraphWithSelectTransitiveClosure","LUBM500","q10_5_8",1907672,503154
"LabeledGraphWithSelectTransitiveClosure","LUBM500","q_16_3",1740723,0
"LabeledGraphWithSelectTransitiveClosure","LUBM500","q10_5_0",1877329,670881
"LabeledGraphWithSelectTransitiveClosure","LUBM500","q10_4_3",1146474,341602
"LabeledGraphWithSelectTransitiveClosure","LUBM500","q_13_7",1237028,12993
"LabeledGraphWithSelectTransitiveClosure","LUBM500","q4_4_5",2917685,1397766
"LabeledGraphWithSelectTransitiveClosure","LUBM500","q10_2_9",2277780,904741
"LabeledGraphWithSelectTransitiveClosure","LUBM500","q9_3_7",1907633,829809
"LabeledGraphWithSelectTransitiveClosure","LUBM500","q5_3",906873,0
"LabeledGraphWithSelectTransitiveClosure","LUBM500","q7_2",687322,0
"LabeledGraphWithSelectTransitiveClosure","LUBM500","q7_9",743254,0
"LabeledGraphWithSelectTransitiveClosure","LUBM500","q2_5",1218368,387015
"LabeledGraphWithSelectTransitiveClosure","LUBM500","q9_3_1",579205,64975
"LabeledGraphWithSelectTransitiveClosure","LUBM500","q11_5_9",1215731,0
"LabeledGraphWithSelectTransitiveClosure","LUBM500","q10_4_6",2217909,850009
"LabeledGraphWithSelectTransitiveClosure","LUBM500","q1_4",501363,11203
"LabeledGraphWithSelectTransitiveClosure","LUBM500","q2_8",873055,202312
"LabeledGraphWithSelectTransitiveClosure","LUBM500","q11_3_7",1179302,0
"LabeledGraphWithSelectTransitiveClosure","LUBM500","q11_4_0",1548083,0
"LabeledGraphWithSelectTransitiveClosure","LUBM500","q4_2_2",965779,265621
"LabeledGraphWithSelectTransitiveClosure","LUBM500","q10_5_7",2055141,807085
"LabeledGraphWithSelectTransitiveClosure","LUBM500","q7_5",534297,0
"LabeledGraphWithSelectTransitiveClosure","LUBM500","q11_3_2",1618120,0
"LabeledGraphWithSelectTransitiveClosure","LUBM500","q_13_3",1904755,202312
"LabeledGraphWithSelectTransitiveClosure","LUBM500","q9_5_8",1736864,672664
"LabeledGraphWithSelectTransitiveClosure","LUBM500","q4_5_6",2027489,897037
"LabeledGraphWithSelectTransitiveClosure","LUBM500","q11_4_2",638183,0
"LabeledGraphWithSelectTransitiveClosure","LUBM500","q4_3_0",1822752,737708
"LabeledGraphWithSelectTransitiveClosure","LUBM500","q2_6",935086,116740
"LabeledGraphWithSelectTransitiveClosure","LUBM500","q9_2_0",1251001,417255
"LabeledGraphWithSelectTransitiveClosure","LUBM500","q11_3_4",496730,0
"LabeledGraphWithSelectTransitiveClosure","LUBM500","q11_4_8",1043163,0
"LabeledGraphWithSelectTransitiveClosure","LUBM500","q10_3_3",1597495,539020
"LabeledGraphWithSelectTransitiveClosure","LUBM500","q10_2_6",2305148,938990
"LabeledGraphWithSelectTransitiveClosure","LUBM500","q11_4_6",1446478,0
"LabeledGraphWithSelectTransitiveClosure","LUBM500","q9_2_8",533963,48994
"LabeledGraphWithSelectTransitiveClosure","LUBM500","q10_4_1",1748126,648418
"LabeledGraphWithSelectTransitiveClosure","LUBM500","q9_3_4",2379925,1058705
"LabeledGraphWithSelectTransitiveClosure","LUBM500","q3_6",660034,12993
"LabeledGraphWithSelectTransitiveClosure","LUBM500","q_15_2",1132510,232943
"LabeledGraphWithSelectTransitiveClosure","LUBM500","q10_3_9",1035913,292581
"LabeledGraphWithSelectTransitiveClosure","LUBM500","q6_9",1021547,200154
"LabeledGraphWithSelectTransitiveClosure","LUBM500","q4_4_4",1408321,490856
"LabeledGraphWithSelectTransitiveClosure","LUBM500","q_15_3",1251997,281874
"LabeledGraphWithSelectTransitiveClosure","LUBM500","q6_2",2130934,720200
"LabeledGraphWithSelectTransitiveClosure","LUBM500","q4_2_6",944898,265621
"LabeledGraphWithSelectTransitiveClosure","LUBM500","q10_4_4",547053,58141
"LabeledGraphWithSelectTransitiveClosure","LUBM500","q11_5_1",1458129,0
"LabeledGraphWithSelectTransitiveClosure","LUBM500","q4_2_1",818747,212301
"LabeledGraphWithSelectTransitiveClosure","LUBM500","q10_3_5",1168142,254284
"LabeledGraphWithSelectTransitiveClosure","LUBM500","q4_5_7",2140619,926753
"LabeledGraphWithSelectTransitiveClosure","LUBM500","q8_4",436406,0
"LabeledGraphWithSelectTransitiveClosure","LUBM500","q10_3_7",978826,274453
"LabeledGraphWithSelectTransitiveClosure","LUBM500","q11_4_4",978254,0
"LabeledGraphWithSelectTransitiveClosure","LUBM500","q_14_6",2589823,442573
"LabeledGraphWithSelectTransitiveClosure","LUBM500","q_15_8",2649463,1025892
"LabeledGraphWithSelectTransitiveClosure","LUBM500","q3_9",1082613,202312
"LabeledGraphWithSelectTransitiveClosure","LUBM500","q1_2",1159804,387015
"LabeledGraphWithSelectTransitiveClosure","LUBM500","q9_5_9",2454406,966032
"LabeledGraphWithSelectTransitiveClosure","LUBM500","q7_4",511488,0
"LabeledGraphWithSelectTransitiveClosure","LUBM500","q9_3_0",1995906,806381
"LabeledGraphWithSelectTransitiveClosure","LUBM500","q_16_7",1325486,0
"LabeledGraphWithSelectTransitiveClosure","LUBM500","q9_4_3",1034886,212662
"LabeledGraphWithSelectTransitiveClosure","LUBM500","q4_5_8",2449147,1105464
"LabeledGraphWithSelectTransitiveClosure","LUBM500","q8_6",505270,0
"LabeledGraphWithSelectTransitiveClosure","LUBM500","q9_3_8",503209,37173
"LabeledGraphWithSelectTransitiveClosure","LUBM500","q9_5_4",1449936,466271
"LabeledGraphWithSelectTransitiveClosure","LUBM500","q9_2_1",458817,12993
"LabeledGraphWithSelectTransitiveClosure","LUBM500","q9_2_9",1204863,400238
"LabeledGraphWithSelectTransitiveClosure","LUBM500","q11_5_6",1071721,0
"LabeledGraphWithSelectTransitiveClosure","LUBM500","q3_1",1406825,12993
"LabeledGraphWithSelectTransitiveClosure","LUBM500","q10_5_1",619222,80762
"LabeledGraphWithSelectTransitiveClosure","LUBM500","q11_2_3",867449,361
"LabeledGraphWithSelectTransitiveClosure","LUBM500","q4_2_4",647759,85502
"LabeledGraphWithSelectTransitiveClosure","LUBM500","q9_5_0",2410094,1061569
"LabeledGraphWithSelectTransitiveClosure","LUBM500","q10_2_0",643021,12993
"LabeledGraphWithSelectTransitiveClosure","LUBM500","q_12_0",766984,0
"LabeledGraphWithSelectTransitiveClosure","LUBM500","q_16_1",1184684,0
"LabeledGraphWithSelectTransitiveClosure","LUBM500","q_13_1",2260034,10835
"LabeledGraphWithSelectTransitiveClosure","LUBM500","q_16_9",1191572,0
"LabeledGraphWithSelectTransitiveClosure","LUBM500","q3_5",1105710,202312
"LabeledGraphWithSelectTransitiveClosure","LUBM500","q6_1",2141509,533606
"LabeledGraphWithSelectTransitiveClosure","LUBM500","q10_5_3",1922855,749410
"LabeledGraphWithSelectTransitiveClosure","LUBM500","q6_3",1777069,576334
"LabeledGraphWithSelectTransitiveClosure","LUBM500","q6_4",959707,202312
"LabeledGraphWithSelectTransitiveClosure","LUBM500","q_14_9",2916150,522764
"LabeledGraphWithSelectTransitiveClosure","LUBM500","q9_4_8",1558267,546231
"LabeledGraphWithSelectTransitiveClosure","LUBM500","q4_2_0",1176868,397850
"LabeledGraphWithSelectTransitiveClosure","LUBM500","q10_3_8",883149,202312
"LabeledGraphWithSelectTransitiveClosure","LUBM500","q10_4_8",2280578,783962
"LabeledGraphWithSelectTransitiveClosure","LUBM500","q11_3_6",622393,0
"LabeledGraphWithSelectTransitiveClosure","LUBM500","q10_2_8",590917,6143
"LabeledGraphWithSelectTransitiveClosure","LUBM500","q_16_4",1743836,0
"LabeledGraphWithSelectTransitiveClosure","LUBM500","q5_9",895810,0
"LabeledGraphWithSelectTransitiveClosure","LUBM500","q_13_2",3668724,387015
"LabeledGraphWithSelectTransitiveClosure","LUBM500","q5_8",1016091,0
"LabeledGraphWithSelectTransitiveClosure","LUBM500","q_14_3",3660208,543595
"LabeledGraphWithSelectTransitiveClosure","LUBM500","q11_4_9",1036088,0
"LabeledGraphWithSelectTransitiveClosure","LUBM500","q_16_5",704779,0
"LabeledGraphWithSelectTransitiveClosure","LUBM500","q9_4_2",860723,236129
"LabeledGraphWithSelectTransitiveClosure","LUBM500","q10_5_9",2410364,1000977
"LabeledGraphWithSelectTransitiveClosure","LUBM500","q_13_5",2291420,387015
"LabeledGraphWithSelectTransitiveClosure","LUBM500","q4_2_3",2541996,1004628
"LabeledGraphWithSelectTransitiveClosure","LUBM500","q10_2_3",1952567,815372
"LabeledGraphWithSelectTransitiveClosure","LUBM500","q10_2_5",3064866,926665
"LabeledGraphWithSelectTransitiveClosure","LUBM500","q9_4_5",871325,241678
"LabeledGraphWithSelectTransitiveClosure","LUBM500","q10_4_5",1627460,571328
"LabeledGraphWithSelectTransitiveClosure","LUBM500","q11_3_0",1343440,0
"LabeledGraphWithSelectTransitiveClosure","LUBM500","q11_4_1",970290,0
"LabeledGraphWithSelectTransitiveClosure","LUBM500","q_12_6",1001773,0
"LabeledGraphWithSelectTransitiveClosure","LUBM500","q_12_1",1384485,0
"LabeledGraphWithSelectTransitiveClosure","LUBM500","q2_1",1727040,522403
"LabeledGraphWithSelectTransitiveClosure","LUBM500","q11_5_3",1432129,0
"LabeledGraphWithSelectTransitiveClosure","LUBM500","q_15_5",1577485,411795
"LabeledGraphWithSelectTransitiveClosure","LUBM500","q_15_4",4738502,1874615
"LabeledGraphWithSelectTransitiveClosure","LUBM500","q11_2_1",1107528,0
"LabeledGraphWithSelectTransitiveClosure","LUBM500","q_14_4",1964679,13354
"LabeledGraphWithSelectTransitiveClosure","LUBM500","q10_5_5",1389819,425448
"LabeledGraphWithSelectTransitiveClosure","LUBM500","q6_5",2196808,532392
"LabeledGraphWithSelectTransitiveClosure","LUBM500","q9_3_9",876197,226140
"LabeledGraphWithSelectTransitiveClosure","LUBM500","q8_5",429071,0
"LabeledGraphWithSelectTransitiveClosure","LUBM500","q7_6",1322043,12993
"LabeledGraphWithSelectTransitiveClosure","LUBM500","q4_4_1",2103657,863059
"LabeledGraphWithSelectTransitiveClosure","LUBM500","q9_2_6",535982,50208
"LabeledGraphWithSelectTransitiveClosure","LUBM500","q7_0",483101,0
"LabeledGraphWithSelectTransitiveClosure","LUBM500","q11_2_0",1086178,0
"LabeledGraphWithSelectTransitiveClosure","LUBM500","q11_5_0",1772539,0
"LabeledGraphWithSelectTransitiveClosure","LUBM500","q4_4_9",637736,81702
"LabeledGraphWithSelectTransitiveClosure","LUBM500","q10_2_2",862281,161591
"LabeledGraphWithSelectTransitiveClosure","LUBM500","q4_3_9",501236,34185
"LabeledGraphWithSelectTransitiveClosure","LUBM500","q10_4_0",1657394,477992
"LabeledGraphWithSelectTransitiveClosure","LUBM500","q11_4_5",1219692,0
"LabeledGraphWithSelectTransitiveClosure","LUBM500","q4_2_9",1964151,803602
"LabeledGraphWithSelectTransitiveClosure","LUBM500","q1_9",441139,10835
"LabeledGraphWithSelectTransitiveClosure","LUBM500","q9_4_6",2558081,1136214
"LabeledGraphWithSelectTransitiveClosure","LUBM500","q_15_7",1406480,322145
"LabeledGraphWithSelectTransitiveClosure","LUBM500","q7_8",557158,0
"LabeledGraphWithSelectTransitiveClosure","LUBM500","q11_3_5",624147,0
"LabeledGraphWithSelectTransitiveClosure","LUBM500","q4_5_0",2224988,960357
"LabeledGraphWithSelectTransitiveClosure","LUBM500","q11_2_6",795293,0
"LabeledGraphWithSelectTransitiveClosure","LUBM500","q_15_9",2404932,742366
"LabeledGraphWithSelectTransitiveClosure","LUBM500","q8_8",623265,0
"LabeledGraphWithSelectTransitiveClosure","LUBM500","q4_5_2",5759388,2870881
"LabeledGraphWithSelectTransitiveClosure","LUBM500","q4_2_8",820567,213515
"LabeledGraphWithSelectTransitiveClosure","LUBM500","q9_5_1",2953124,1361434
"LabeledGraphWithSelectTransitiveClosure","LUBM500","q1_3",550112,58370
"LabeledGraphWithSelectTransitiveClosure","LUBM500","q_16_2",785251,0
"LabeledGraphWithSelectTransitiveClosure","LUBM500","q_13_9",1754321,74299
"LabeledGraphWithSelectTransitiveClosure","LUBM500","q_12_3",1893016,189319
"LabeledGraphWithSelectTransitiveClosure","LUBM500","q4_3_3",1478342,532753
"LabeledGraphWithSelectTransitiveClosure","LUBM500","q5_5",1380937,0
"LabeledGraphWithSelectTransitiveClosure","LUBM500","q4_2_7",1654586,596702
"LabeledGraphWithSelectTransitiveClosure","LUBM500","q3_0",864572,9989
"LabeledGraphWithSelectTransitiveClosure","LUBM500","q9_5_6",3082727,1367032
"LabeledGraphWithSelectTransitiveClosure","LUBM500","q11_2_7",912632,0
"LabeledGraphWithSelectTransitiveClosure","LUBM500","q5_2",548367,0
"LabeledGraphWithSelectTransitiveClosure","LUBM500","q9_5_3",1297113,452648
"LabeledGraphWithSelectTransitiveClosure","LUBM500","q4_3_1",553645,61043
"LabeledGraphWithSelectTransitiveClosure","LUBM500","q2_3",938934,202312
"LabeledGraphWithSelectTransitiveClosure","LUBM500","q_16_6",1713467,0
"LabeledGraphWithSelectTransitiveClosure","LUBM500","q_13_6",2058892,39005
"LabeledGraphWithSelectTransitiveClosure","LUBM500","q_14_1",4152434,596702
"LabeledGraphWithSelectTransitiveClosure","LUBM500","q2_2",477251,12993
"LabeledGraphWithSelectTransitiveClosure","LUBM500","q5_6",1192876,0
"LabeledGraphWithSelectTransitiveClosure","LUBM500","q10_4_7",1521746,353014
"LabeledGraphWithSelectTransitiveClosure","LUBM500","q_14_2",3005477,441798
"LabeledGraphWithSelectTransitiveClosure","LUBM500","q4_4_8",2751016,1201393
"LabeledGraphWithSelectTransitiveClosure","LUBM500","q_14_0",2404159,215305
"LabeledGraphWithSelectTransitiveClosure","LUBM500","q4_5_4",2374232,963028
"LabeledGraphWithSelectTransitiveClosure","LUBM500","q_14_5",2805819,589327
"LabeledGraphWithSelectTransitiveClosure","LUBM500","q5_1",1196525,0
"LabeledGraphWithSelectTransitiveClosure","LUBM500","q11_2_4",1020105,0
"LabeledGraphWithSelectTransitiveClosure","LUBM500","q_12_2",1943826,0
"LabeledGraphWithSelectTransitiveClosure","LUBM500","q4_4_7",1109290,367241
"LabeledGraphWithSelectTransitiveClosure","LUBM500","q4_3_6",1400607,546299
"LabeledGraphWithSelectTransitiveClosure","LUBM500","q11_3_3",1056873,0
"LabeledGraphWithSelectTransitiveClosure","LUBM500","q9_3_3",1779785,739769
"LabeledGraphWithSelectTransitiveClosure","LUBM500","q8_1",642907,0
"LabeledGraphWithSelectTransitiveClosure","LUBM500","q9_5_5",2760041,1267678
"LabeledGraphWithSelectTransitiveClosure","LUBM500","q10_5_6",1083332,305458
"LabeledGraphWithSelectTransitiveClosure","LUBM500","q10_3_6",2085419,831684
"LabeledGraphWithSelectTransitiveClosure","LUBM500","q4_3_5",1547404,611733
"LabeledGraphWithSelectTransitiveClosure","LUBM500","q4_5_9",4614286,2328562
"LabeledGraphWithSelectTransitiveClosure","LUBM500","q8_9",643089,0
"LabeledGraphWithSelectTransitiveClosure","LUBM500","q1_8",1173894,416587
"LabeledGraphWithSelectTransitiveClosure","LUBM500","q11_5_5",1481514,0
"LabeledGraphWithSelectTransitiveClosure","LUBM500","q1_6",1490272,522403
"LabeledGraphWithSelectTransitiveClosure","LUBM500","q4_5_1",3647115,1704457
"LabeledGraphWithSelectTransitiveClosure","LUBM500","q4_5_5",1598169,626398
"LabeledGraphWithSelectTransitiveClosure","LUBM500","q_14_7",1863871,228324
"LabeledGraphWithSelectTransitiveClosure","LUBM500","q10_2_7",1331646,411778
"LabeledGraphWithSelectTransitiveClosure","LUBM500","q4_3_7",498284,36805
"LabeledGraphWithSelectTransitiveClosure","LUBM500","q2_4",1396649,202312
"LabeledGraphWithSelectTransitiveClosure","LUBM500","q7_3",592777,0
"LabeledGraphWithSelectTransitiveClosure","LUBM500","q_14_8",3010682,413001
"LabeledGraphWithSelectTransitiveClosure","LUBM500","q_16_8",1441691,0
"LabeledGraphWithSelectTransitiveClosure","LUBM500","q3_4",1109257,13223
"LabeledGraphWithSelectTransitiveClosure","LUBM500","q_15_1",2248929,630770
"LabeledGraphWithSelectTransitiveClosure","LUBM500","q_13_8",2295508,387015
"LabeledGraphWithSelectTransitiveClosure","LUBM500","q11_4_3",614435,0
"LabeledGraphWithSelectTransitiveClosure","LUBM500","q5_4",1400594,0
"LabeledGraphWithSelectTransitiveClosure","LUBM500","q2_0",949030,148598
"LabeledGraphWithSelectTransitiveClosure","LUBM500","q11_2_5",491348,0
"LabeledGraphWithSelectTransitiveClosure","LUBM500","q4_4_6",1608238,573333
"LabeledGraphWithSelectTransitiveClosure","LUBM500","q6_7",1483806,474957
"LabeledGraphWithSelectTransitiveClosure","LUBM500","q8_0",449705,0
"LabeledGraphWithSelectTransitiveClosure","LUBM500","q10_4_9",2043531,821211
"LabeledGraphWithSelectTransitiveClosure","LUBM500","q11_4_7",908071,0
"LabeledGraphWithSelectTransitiveClosure","LUBM500","q_13_0",1370024,9989
"LabeledGraphWithSelectTransitiveClosure","LUBM500","q10_3_0",1362255,456220
"LabeledGraphWithSelectTransitiveClosure","LUBM500","q8_2",618559,0
"LabeledGraphWithSelectTransitiveClosure","LUBM500","q9_2_5",1200972,409620
"LabeledGraphWithSelectTransitiveClosure","LUBM500","q_12_7",1208124,9989
"LabeledGraphWithSelectTransitiveClosure","LUBM500","q11_2_9",599748,0
"LabeledGraphWithSelectTransitiveClosure","LUBM500","q_12_5",1256159,0
"LabeledGraphWithSelectTransitiveClosure","LUBM500","q1_0",460540,12993
"LabeledGraphWithSelectTransitiveClosure","LUBM500","q11_5_2",1016111,0
"LabeledGraphWithSelectTransitiveClosure","LUBM500","q1_7",459138,9989
"LabeledGraphWithSelectTransitiveClosure","LUBM500","q7_1",981086,0
"LabeledGraphWithSelectTransitiveClosure","LUBM500","q9_4_1",1934884,791639
"LabeledGraphWithSelectTransitiveClosure","LUBM500","q_15_0",1081464,226140
"LabeledGraphWithSelectTransitiveClosure","LUBM500","q4_3_2",895532,214237
"LabeledGraphWithSelectTransitiveClosure","LUBM500","q8_7",480229,0
"LabeledGraphWithSelectTransitiveClosure","LUBM500","q9_2_7",1536171,589327
"LabeledGraphWithSelectTransitiveClosure","LUBM500","q10_5_2",2433105,963028
"LabeledGraphWithSelectTransitiveClosure","LUBM500","q9_2_2",791530,200154
"LabeledGraphWithSelectTransitiveClosure","LUBM500","q_12_8",1528383,12993
"LabeledGraphWithSelectTransitiveClosure","LUBM500","q9_5_2",2679202,1238647
"LabeledGraphWithSelectTransitiveClosure","LUBM500","q2_9",1576109,522403
"LabeledGraphWithSelectTransitiveClosure","LUBM500","q6_8",1156556,213147
"LabeledGraphWithSelectTransitiveClosure","LUBM500","q_16_0",1078841,0
"LabeledGraphWithSelectTransitiveClosure","LUBM500","q4_3_8",1264900,448160
"LabeledGraphWithSelectTransitiveClosure","LUBM500","q2_7",1623276,522403
"LabeledGraphWithSelectTransitiveClosure","LUBM500","q5_0",915176,0
"LabeledGraphWithSelectTransitiveClosure","LUBM500","q11_5_8",1531603,0
"LabeledGraphWithSelectTransitiveClosure","LUBM500","q10_5_4",2035645,793435
"LabeledGraphWithSelectTransitiveClosure","LUBM500","q8_3",432422,0
"LabeledGraphWithSelectTransitiveClosure","LUBM500","q11_5_7",1313333,0
"LabeledGraphWithSelectTransitiveClosure","LUBM500","q3_7",626511,12993
"LabeledGraphWithSelectTransitiveClosure","LUBM500","q1_5",797716,202312
"LabeledGraphWithSelectTransitiveClosure","LUBM500","q3_3",1478743,202312
"LabeledGraphWithSelectTransitiveClosure","LUBM500","q4_4_2",1745562,709876
"LabeledGraphWithSelectTransitiveClosure","LUBM500","q9_4_7",1448115,537717
